{"cameraMode":{"drawMode":0,"name":"Shaded","section":"Shading Mode"},"sceneLighting":true,"audioPlay":false,"sceneViewState":{"showFog":false,"showMaterialUpdate":false,"showSkybox":false,"showFlares":false,"showImageEffects":false,"showParticleSystems":false},"in2DMode":false,"pivot":{"x":4.973999977111816,"y":5.2702741622924809,"z":0.48399949073791506},"rotation":{"x":0.10367531329393387,"y":0.3871133029460907,"z":-0.0438634492456913,"w":0.9151536226272583},"size":8.047932624816895,"orthographic":false}