{"cameraMode":{"drawMode":0,"name":"Shaded","section":"Shading Mode"},"sceneLighting":true,"audioPlay":false,"sceneViewState":{"showFog":true,"showMaterialUpdate":true,"showSkybox":true,"showFlares":true,"showImageEffects":true,"showParticleSystems":true},"in2DMode":false,"pivot":{"x":-4.600339889526367,"y":1.795027732849121,"z":0.11961531639099121},"rotation":{"x":-0.023439984768629075,"y":0.8645374178886414,"z":-0.040500301867723468,"w":-0.5004104375839233},"size":2.3442182540893556,"orthographic":false}