{"cameraMode":{"drawMode":0,"name":"Shaded","section":"Shading Mode"},"sceneLighting":true,"audioPlay":false,"sceneViewState":{"showFog":false,"showMaterialUpdate":false,"showSkybox":true,"showFlares":false,"showImageEffects":false,"showParticleSystems":false},"in2DMode":false,"pivot":{"x":16.560367584228517,"y":3.2965140342712404,"z":1.2348136901855469},"rotation":{"x":-0.08814109861850739,"y":0.8757632374763489,"z":-0.4413417875766754,"w":-0.17484232783317567},"size":0.8883077502250671,"orthographic":false}