{"cameraMode":{"drawMode":0,"name":"Shaded","section":"Shading Mode"},"sceneLighting":false,"audioPlay":false,"sceneViewState":{"showFog":false,"showMaterialUpdate":false,"showSkybox":false,"showFlares":false,"showImageEffects":false,"showParticleSystems":false},"in2DMode":false,"pivot":{"x":-0.005155086517333984,"y":0.4406369626522064,"z":-0.06716713309288025},"rotation":{"x":-0.06076366826891899,"y":0.17958758771419526,"z":-0.011112030595541,"w":-0.9818179607391357},"size":1.9276446104049683,"orthographic":false}